name,kind,declaredLine,declarationEndLine,declarationLines,callSiteCount,consumerFiles,verdict,targetPackage,frictionAbsorbed,adrNote
LanguageModelV3,type-reexport,1,1,1,36,examples/ecommerce/src/main.ts:2; packages/core/src/agent.ts:3; packages/core/src/cascade/index.ts:6; packages/core/src/cascade/readiness.ts:3; packages/core/src/compat/routing.ts:8; packages/core/src/lite.ts:1; packages/core/test/agent.test.ts:8; site/src/cascadeDemo.ts:3; site/src/opsDemo.ts:2,KEEP-CORE,core,Absorbs provider typing friction for custom AI SDK-compatible model routes without forcing adopters to import an extra provider type directly.,Absorbs provider typing friction for custom AI SDK-compatible model routes without forcing adopters to import an extra provider type directly.
modelOptional,re-export,6,6,1,32,docs/templates/mission-profile-starter/profile.ts:2; examples/ecommerce/src/main.ts:5; packages/cli/src/index.ts:2; packages/core/src/compat/knowledge.ts:3; packages/core/src/lite.ts:1; packages/core/src/tools.ts:1; packages/core/test/agent.test.ts:5; packages/knowledge/src/index.ts:3; scripts/clean-room-adoption.mjs:2; site/src/docsContent.ts:3; site/src/opsDemo.ts:3; tests/fixtures/fresh-app/src/main.tsx:2,KEEP-CORE,core,Absorbs small local-model schema brittleness around optional/nullish fields so adopters do not loosen schemas unsafely across every tool.,Absorbs small local-model schema brittleness around optional/nullish fields so adopters do not loosen schemas unsafely across every tool.
stepCountIs,re-export,6,6,1,10,packages/core/src/agent.ts:2; packages/core/src/lite.ts:1; packages/core/src/tools.ts:2; spike/src/main.ts:5,KEEP-CORE,core,Absorbs AI SDK loop-control import friction for the common bounded tool-loop path without wrapping or replacing AI SDK orchestration.,Absorbs AI SDK loop-control import friction for the common bounded tool-loop path without wrapping or replacing AI SDK orchestration.
tool,re-export,6,6,1,646,docs/templates/mission-profile-starter/profile.ts:5; examples/ecommerce/src/main.ts:19; packages/agui/src/index.ts:6; packages/cli/src/index.ts:5; packages/core/src/agent.ts:39; packages/core/src/compat/agui.ts:6; packages/core/src/compat/governance.ts:12; packages/core/src/compat/knowledge.ts:3; packages/core/src/compat/mcp.ts:3; packages/core/src/compat/skills.ts:11; packages/core/src/context.ts:2; packages/core/src/lite.ts:1; packages/core/src/telemetry.ts:4; packages/core/src/tools.ts:2; packages/core/test/agent.test.ts:121; packages/core/test/compat-drift.test.ts:2; packages/core/test/profile.test.ts:9; packages/governance/src/index.ts:12; packages/governance/test/index.test.ts:6; packages/knowledge/src/index.ts:4; packages/knowledge/test/index.test.ts:1; packages/mcp/src/index.ts:3; packages/react/src/index.ts:1; packages/react/test/index.test.ts:1; packages/skills/src/index.ts:6; packages/skills/test/index.test.ts:2; packages/ui/src/component.ts:9; packages/ui/src/index.test.ts:10; scripts/clean-room-adoption.mjs:5; scripts/eval-model-cascade.mjs:3; scripts/research-agent-loops.mjs:5; scripts/research-suite.mjs:28; site/index.html:3; site/src/answerComposer.test.ts:4; site/src/answerComposer.ts:17; site/src/cascadeDemo.ts:6; site/src/content.ts:28; site/src/demoPage.ts:16; site/src/docs.ts:8; site/src/docsContent.ts:126; site/src/main.ts:16; site/src/opsDemo.ts:30; site/src/profiles/field-ops.ts:5; site/src/profiles/public-catalog-shopping.ts:4; site/src/siteAssistant.ts:11; site/vite.config.ts:5; spike/index.html:1; spike/src/main.ts:13; tests/e2e/docs.spec.ts:1; tests/fixtures/fresh-app/src/main.tsx:6,KEEP-CORE,core,"Absorbs tool-shape compatibility friction by re-exporting the AI SDK primitive adopters already need, avoiding an Edgekit-specific tool format.","Absorbs tool-shape compatibility friction by re-exporting the AI SDK primitive adopters already need, avoiding an Edgekit-specific tool format."
DownloadPolicy,type-reexport,7,7,1,12,packages/core/src/agent.ts:2; packages/core/src/cascade/index.ts:2; packages/core/src/cascade/readiness.ts:4; packages/core/src/lite.ts:1; site/src/cascadeDemo.ts:3,KEEP-CORE,core,"Absorbs the product decision of whether model downloads are automatic, prompted, or forbidden so every integration does not invent its own consent switch.","Absorbs the product decision of whether model downloads are automatic, prompted, or forbidden so every integration does not invent its own consent switch."
DownloadPromptEvent,type-reexport,7,7,1,11,packages/core/src/agent.ts:3; packages/core/src/cascade/index.ts:2; packages/core/src/cascade/readiness.ts:3; packages/core/src/lite.ts:1; packages/ui/src/component.ts:2,KEEP-CORE,core,"Absorbs model-download consent payload friction so host apps can use custom modals without reverse-engineering provider IDs, model sizes, or copy.","Absorbs model-download consent payload friction so host apps can use custom modals without reverse-engineering provider IDs, model sizes, or copy."
ModelProvider,type-reexport,7,7,1,25,packages/core/src/agent.ts:2; packages/core/src/cascade/index.ts:6; packages/core/src/cascade/readiness.ts:4; packages/core/src/compat/routing.ts:8; packages/core/src/lite.ts:1; packages/core/src/providers/chrome-ai.ts:2; packages/core/src/providers/web-llm.ts:2,KEEP-CORE,core,Absorbs custom-provider adapter friction by defining the one wrapper shape required to participate in the local-first cascade.,Absorbs custom-provider adapter friction by defining the one wrapper shape required to participate in the local-first cascade.
ModelStatusEvent,type-reexport,7,7,1,14,packages/core/src/agent.ts:6; packages/core/src/cascade/index.ts:2; packages/core/src/cascade/readiness.ts:3; packages/core/src/lite.ts:1; packages/ui/src/component.ts:2,KEEP-CORE,core,"Absorbs provider-readiness event shape friction so host UIs and telemetry receive one status contract across Chrome AI, WebLLM, server, and no-model states.","Absorbs provider-readiness event shape friction so host UIs and telemetry receive one status contract across Chrome AI, WebLLM, server, and no-model states."
NoModelEvent,type-reexport,7,7,1,6,packages/core/src/agent.ts:2; packages/core/src/cascade/index.ts:1; packages/core/src/lite.ts:1; packages/ui/src/component.ts:2,KEEP-CORE,core,Absorbs graceful-degradation payload friction so apps can explain basic/no-model mode without surfacing WebGPU or browser API failures.,Absorbs graceful-degradation payload friction so apps can explain basic/no-model mode without surfacing WebGPU or browser API failures.
ResolveModelContext,type-reexport,7,7,1,5,packages/core/src/cascade/index.ts:4; packages/core/src/lite.ts:1,KEEP-CORE,core,"Absorbs provider-resolution context friction so custom providers receive bounded input, status emission, timeout, and session state consistently.","Absorbs provider-resolution context friction so custom providers receive bounded input, status emission, timeout, and session state consistently."
createModelProvider,re-export,8,8,1,40,examples/ecommerce/src/main.ts:3; packages/core/src/agent.ts:1; packages/core/src/cascade/index.ts:2; packages/core/src/cascade/readiness.ts:3; packages/core/src/lite.ts:1; packages/core/src/providers/chrome-ai.ts:2; packages/core/src/providers/web-llm.ts:2; packages/core/test/agent.test.ts:19; scripts/research-suite.mjs:1; site/src/cascadeDemo.ts:4; site/src/opsDemo.ts:2,KEEP-CORE,core,Absorbs provider-normalization friction so adopters can plug AI SDK-compatible models into the same cascade contract instead of special-casing every runtime.,Absorbs provider-normalization friction so adopters can plug AI SDK-compatible models into the same cascade contract instead of special-casing every runtime.
resolveModel,re-export,8,8,1,9,packages/core/src/agent.ts:2; packages/core/src/cascade/index.ts:1; packages/core/src/lite.ts:1; packages/core/test/agent.test.ts:3; site/src/docsContent.ts:2,KEEP-CORE,core,"Absorbs cascade fallthrough friction so each app does not reimplement local-first routing, status callbacks, and no-model behavior.","Absorbs cascade fallthrough friction so each app does not reimplement local-first routing, status callbacks, and no-model behavior."
CascadeReadinessOptions,type-reexport,9,9,1,6,packages/core/src/cascade/readiness.ts:5; packages/core/src/lite.ts:1,KEEP-CORE,core,"Absorbs readiness-controller configuration friction so apps can declare providers, required capabilities, fallback policy, and UI callbacks in one object.","Absorbs readiness-controller configuration friction so apps can declare providers, required capabilities, fallback policy, and UI callbacks in one object."
CascadeReadinessSnapshot,type-reexport,9,9,1,41,packages/core/src/agent.ts:2; packages/core/src/cascade/index.ts:2; packages/core/src/cascade/readiness.ts:20; packages/core/src/lite.ts:1; packages/ui/src/component.ts:4; site/src/cascadeDemo.ts:12,KEEP-CORE,core,"Absorbs browser-model readiness-state friction by giving UIs a single snapshot for provider states, capabilities, missing requirements, and allowed actions.","Absorbs browser-model readiness-state friction by giving UIs a single snapshot for provider states, capabilities, missing requirements, and allowed actions."
CascadeRecommendedAction,type-reexport,9,9,1,9,packages/core/src/cascade/readiness.ts:8; packages/core/src/lite.ts:1,KEEP-CORE,core,"Absorbs end-user next-action copy/control friction so UIs can show prompt, fallback, retry, or hide decisions from the readiness controller.","Absorbs end-user next-action copy/control friction so UIs can show prompt, fallback, retry, or hide decisions from the readiness controller."
EdgeCascadeReadinessController,type-reexport,9,9,1,9,packages/core/src/agent.ts:2; packages/core/src/cascade/readiness.ts:2; packages/core/src/lite.ts:1; packages/ui/src/component.ts:4,KEEP-CORE,core,"Absorbs ongoing readiness orchestration friction by exposing check, subscribe, prompt, fallback, hide, and retry controls as a stable controller.","Absorbs ongoing readiness orchestration friction by exposing check, subscribe, prompt, fallback, hide, and retry controls as a stable controller."
createCascadeReadinessController,re-export,10,10,1,26,packages/core/src/cascade/readiness.ts:1; packages/core/src/lite.ts:1; packages/core/test/agent.test.ts:9; scripts/clean-room-adoption.mjs:2; site/src/answerComposer.test.ts:1; site/src/answerComposer.ts:1; site/src/cascadeDemo.ts:3; site/src/content.ts:1; site/src/docsContent.ts:7,KEEP-CORE,core,"Absorbs end-user readiness/download-state friction so apps can show the right action for Chrome AI, WebLLM, server, or no-model states.","Absorbs end-user readiness/download-state friction so apps can show the right action for Chrome AI, WebLLM, server, or no-model states."
AgentEvent,type-reexport,11,11,1,46,packages/agui/src/index.ts:7; packages/core/src/agent.ts:9; packages/core/src/compat/agui.ts:6; packages/core/src/lite.ts:1; packages/core/test/agent.test.ts:1; packages/react/src/index.ts:5; packages/react/test/index.test.ts:3; packages/ui/src/component.ts:2; packages/ui/src/index.test.ts:12,KEEP-CORE,core,"Absorbs agent-to-UI streaming friction by exposing one event union for status, text, tool calls/results, approvals, activity, views, errors, and done.","Absorbs agent-to-UI streaming friction by exposing one event union for status, text, tool calls/results, approvals, activity, views, errors, and done."
CreateAgentOptions,type-reexport,11,11,1,29,packages/core/src/agent.ts:8; packages/core/src/compat/cache.ts:2; packages/core/src/compat/skills.ts:6; packages/core/src/lite.ts:1; packages/skills/src/index.ts:5; packages/ui/src/component.ts:7,KEEP-CORE,core,"Absorbs integration-wiring friction by collecting model cascade, tools, providers, policy, context, telemetry, and callbacks into one entry-point contract.","Absorbs integration-wiring friction by collecting model cascade, tools, providers, policy, context, telemetry, and callbacks into one entry-point contract."
EdgeAgent,type-reexport,11,11,1,18,packages/agui/src/index.ts:2; packages/core/src/agent.ts:2; packages/core/src/compat/agui.ts:2; packages/core/src/lite.ts:1; packages/core/test/agent.test.ts:1; packages/react/src/index.ts:5; packages/react/test/index.test.ts:2; packages/ui/src/component.ts:3,KEEP-CORE,core,"Absorbs UI/runtime boundary friction by exposing send, approval-resume, and reset as the small agent contract web components and wrappers consume.","Absorbs UI/runtime boundary friction by exposing send, approval-resume, and reset as the small agent contract web components and wrappers consume."
EdgeAgentIdentity,type-reexport,11,11,1,12,packages/core/src/agent.ts:5; packages/core/src/compat/skills.ts:2; packages/core/src/lite.ts:1; packages/knowledge/src/index.ts:2; packages/skills/src/index.ts:2,KEEP-CORE,core,Absorbs assistant-identity configuration friction so public agents do not inherit model-provider self descriptions or force adopters to hide identity rules in prompts.,Absorbs assistant-identity configuration friction so public agents do not inherit model-provider self descriptions or force adopters to hide identity rules in prompts.
EdgeGroundingMode,type-reexport,11,11,1,10,packages/core/src/agent.ts:5; packages/core/src/compat/skills.ts:2; packages/core/src/lite.ts:1; packages/skills/src/index.ts:2,KEEP-CORE,core,Absorbs answer-grounding policy friction by giving adopters one runtime switch for strict evidence-first answers instead of hand-rolling tool-choice and validation rules.,Absorbs answer-grounding policy friction by giving adopters one runtime switch for strict evidence-first answers instead of hand-rolling tool-choice and validation rules.
EdgeToolRepairOptions,type-reexport,11,11,1,5,packages/core/src/agent.ts:4; packages/core/src/lite.ts:1,KEEP-CORE,core,Absorbs bounded tool-repair configuration friction so validation retries stay explicit and limited instead of becoming hidden self-repair loops.,Absorbs bounded tool-repair configuration friction so validation retries stay explicit and limited instead of becoming hidden self-repair loops.
createAgent,function,12,14,3,59,packages/core/src/agent.ts:1; packages/core/src/lite.ts:1; packages/core/test/agent.test.ts:33; packages/ui/src/component.ts:2; scripts/research-suite.mjs:5; site/index.html:1; site/src/docsContent.ts:15; tests/e2e/docs.spec.ts:1,KEEP-CORE,core,"Absorbs the wiring friction of provider cascade, tools, approvals, telemetry, history, and context so adopters do not rebuild an unsafe mini-orchestrator for every app.","Absorbs the wiring friction of provider cascade, tools, approvals, telemetry, history, and context so adopters do not rebuild an unsafe mini-orchestrator for every app."
WebLLMOptions,type-reexport,15,15,1,2,packages/core/src/providers/web-llm.ts:2,KEEP-CORE,core,Absorbs WebLLM provider selection friction by making model ID and label configurable without exposing the underlying runtime setup.,Absorbs WebLLM provider selection friction by making model ID and label configurable without exposing the underlying runtime setup.
chromeAI,function,16,25,10,39,examples/ecommerce/src/main.ts:3; packages/cli/src/index.ts:2; packages/core/src/cascade/readiness.ts:2; packages/core/src/providers/chrome-ai.ts:1; packages/ui/src/index.ts:2; scripts/clean-room-adoption.mjs:3; site/index.html:2; site/src/answerComposer.ts:1; site/src/cascadeDemo.ts:2; site/src/docsContent.ts:11; site/src/main.ts:4; site/src/opsDemo.ts:2; site/src/siteAssistant.ts:2; tests/fixtures/fresh-app/src/main.tsx:2,KEEP-CORE,core,Absorbs Chrome AI availability and gesture-state friction so adopters do not expose raw browser API failures or skip the zero-marginal-cost path.,Absorbs Chrome AI availability and gesture-state friction so adopters do not expose raw browser API failures or skip the zero-marginal-cost path.
webLLM,function,27,36,10,23,examples/ecommerce/src/main.ts:3; packages/core/src/cascade/readiness.ts:2; packages/core/src/providers/web-llm.ts:1; packages/ui/src/index.ts:2; site/index.html:2; site/src/cascadeDemo.ts:2; site/src/docsContent.ts:5; site/src/main.ts:2; spike/src/main.ts:4,KEEP-CORE,core,Absorbs WebGPU/WebLLM provider setup friction so adopters can offer a browser fallback without learning model registry and worker details first.,Absorbs WebGPU/WebLLM provider setup friction so adopters can offer a browser fallback without learning model registry and worker details first.
EdgeActivityEvent,type-reexport,37,37,1,17,packages/core/src/agent.ts:5; packages/core/src/compat/governance.ts:2; packages/core/src/lite.ts:1; packages/core/src/telemetry.ts:1; packages/governance/src/index.ts:2; packages/react/src/index.ts:3; packages/ui/src/component.ts:3,KEEP-CORE,core,Absorbs progress-state UI friction by exposing safe orchestration activity without leaking hidden reasoning or chain-of-thought.,Absorbs progress-state UI friction by exposing safe orchestration activity without leaking hidden reasoning or chain-of-thought.
EdgeTelemetryEvent,type-reexport,37,37,1,19,packages/agui/src/index.ts:4; packages/core/src/compat/agui.ts:1; packages/core/src/lite.ts:1; packages/core/src/telemetry.ts:10; packages/ui/src/component.ts:3,KEEP-CORE,core,"Absorbs observability payload friction by giving adopters one typed event shape for runs, model choice, tools, approvals, errors, and UI actions.","Absorbs observability payload friction by giving adopters one typed event shape for runs, model choice, tools, approvals, errors, and UI actions."
EdgeTelemetrySink,type-reexport,37,37,1,17,packages/agui/src/index.ts:5; packages/core/src/agent.ts:3; packages/core/src/compat/agui.ts:3; packages/core/src/lite.ts:1; packages/core/src/telemetry.ts:3; site/src/siteAssistant.ts:2,KEEP-CORE,core,"Absorbs monitoring-integration friction by letting adopters route Edgekit events to PostHog, OpenTelemetry, Datadog, or custom stores through one contract.","Absorbs monitoring-integration friction by letting adopters route Edgekit events to PostHog, OpenTelemetry, Datadog, or custom stores through one contract."
EdgeIdentityProvider,type-reexport,38,38,1,5,packages/core/src/agent.ts:2; packages/core/src/context.ts:2; packages/core/src/lite.ts:1,KEEP-CORE,core,Absorbs public-identity bridging friction for apps that expose roles or permissions separately from a full session provider.,Absorbs public-identity bridging friction for apps that expose roles or permissions separately from a full session provider.
EdgeSessionContext,type-reexport,38,38,1,35,packages/agui/src/index.ts:6; packages/core/src/agent.ts:10; packages/core/src/compat/agui.ts:2; packages/core/src/compat/cache.ts:2; packages/core/src/compat/knowledge.ts:2; packages/core/src/compat/routing.ts:2; packages/core/src/context.ts:7; packages/core/src/lite.ts:1; packages/knowledge/src/index.ts:3,KEEP-CORE,core,"Absorbs the host-authority boundary by grouping public identity, auth transport, and state summary into one tool-execution context object.","Absorbs the host-authority boundary by grouping public identity, auth transport, and state summary into one tool-execution context object."
EdgeSessionProvider,type-reexport,38,38,1,5,packages/core/src/agent.ts:2; packages/core/src/context.ts:2; packages/core/src/lite.ts:1,KEEP-CORE,core,Absorbs async session hydration friction so adopters can bridge their existing auth/session layer into Edgekit without putting secrets in prompts.,Absorbs async session hydration friction so adopters can bridge their existing auth/session layer into Edgekit without putting secrets in prompts.
EdgeStateProvider,type-reexport,38,38,1,5,packages/core/src/agent.ts:2; packages/core/src/context.ts:2; packages/core/src/lite.ts:1,KEEP-CORE,core,Absorbs page/workflow-state hydration friction so tools receive concise app state without raw DOM dumps or model-owned authority.,Absorbs page/workflow-state hydration friction so tools receive concise app state without raw DOM dumps or model-owned authority.
EdgeToolExecutionContext,type-reexport,38,38,1,47,packages/core/src/agent.ts:9; packages/core/src/compat/governance.ts:7; packages/core/src/compat/mcp.ts:3; packages/core/src/compat/parallel.ts:3; packages/core/src/context.ts:3; packages/core/src/lite.ts:1; packages/governance/src/index.ts:8; packages/knowledge/src/index.ts:2; packages/mcp/src/index.ts:4; packages/ui/src/component.ts:7,KEEP-CORE,core,"Absorbs governed tool-execution friction by carrying session, identity, auth, state, and cancellation metadata to host-owned tools.","Absorbs governed tool-execution friction by carrying session, identity, auth, state, and cancellation metadata to host-owned tools."
EdgeToolManifest,type-reexport,38,38,1,11,packages/core/src/agent.ts:3; packages/core/src/compat/parallel.ts:2; packages/core/src/context.ts:5; packages/core/src/lite.ts:1,KEEP-CORE,core,Absorbs dynamic tool exposure metadata friction so apps can describe tool permissions and safety without making every tool executable upfront.,Absorbs dynamic tool exposure metadata friction so apps can describe tool permissions and safety without making every tool executable upfront.
EdgeToolProvider,type-reexport,38,38,1,4,packages/core/src/agent.ts:2; packages/core/src/context.ts:1; packages/core/src/lite.ts:1,KEEP-CORE,core,"Absorbs dynamic tool exposure friction so apps can hydrate read and mutation tools only when intent, role, and workflow state justify them.","Absorbs dynamic tool exposure friction so apps can hydrate read and mutation tools only when intent, role, and workflow state justify them."
EdgeToolProviderContext,type-reexport,38,38,1,3,packages/core/src/context.ts:2; packages/core/src/lite.ts:1,KEEP-CORE,core,"Absorbs phase-aware tool selection friction so dynamic tool providers can narrow tools by prompt, session, and run phase.","Absorbs phase-aware tool selection friction so dynamic tool providers can narrow tools by prompt, session, and run phase."
resolveSessionContext,re-export,39,39,1,10,packages/core/src/agent.ts:3; packages/core/src/context.ts:1; packages/core/src/lite.ts:1; packages/core/test/agent.test.ts:2; packages/ui/src/component.ts:3,KEEP-CORE,core,Absorbs identity/state/session bridging friction so host apps pass public context into tool execution without leaking secrets into prompts.,Absorbs identity/state/session bridging friction so host apps pass public context into tool execution without leaking secrets into prompts.
toolsFromManifests,re-export,39,39,1,8,packages/core/src/agent.ts:2; packages/core/src/context.ts:1; packages/core/src/lite.ts:1; packages/core/test/agent.test.ts:2; packages/ui/src/component.ts:2,KEEP-CORE,core,Absorbs manifest-to-tool hydration friction for dynamic tool exposure while keeping executable tool registration explicit.,Absorbs manifest-to-tool hydration friction for dynamic tool exposure while keeping executable tool registration explicit.
EdgeAction,type-reexport,42,42,1,6,packages/core/src/lite.ts:1; packages/core/src/view.ts:2; packages/ui/src/component.ts:3,KEEP-SIBLING,ui,"Real adopter value for the ui cohort, but optional enough to live outside the harness core with compatibility re-exports during extraction.",
EdgeActionContext,type-reexport,42,42,1,5,packages/core/src/lite.ts:1; packages/core/src/view.ts:1; packages/ui/src/component.ts:3,KEEP-SIBLING,ui,"Real adopter value for the ui cohort, but optional enough to live outside the harness core with compatibility re-exports during extraction.",
EdgeField,type-reexport,42,42,1,6,packages/core/src/lite.ts:1; packages/core/src/view.ts:3; packages/ui/src/component.ts:2,KEEP-SIBLING,ui,"Real adopter value for the ui cohort, but optional enough to live outside the harness core with compatibility re-exports during extraction.",
EdgeFieldOption,type-reexport,42,42,1,3,packages/core/src/lite.ts:1; packages/core/src/view.ts:2,KEEP-SIBLING,ui,"Real adopter value for the ui cohort, but optional enough to live outside the harness core with compatibility re-exports during extraction.",
EdgeViewNode,type-reexport,42,42,1,22,packages/core/src/agent.ts:3; packages/core/src/compat/agui.ts:3; packages/core/src/lite.ts:1; packages/core/src/view.ts:3; packages/ui/src/component.ts:5; site/src/main.ts:7,KEEP-SIBLING,ui,"Real adopter value for the ui cohort, but optional enough to live outside the harness core with compatibility re-exports during extraction.",
actionsToEdgeView,re-export,44,44,1,7,packages/core/src/lite.ts:1; packages/core/src/view.ts:1; packages/core/test/agent.test.ts:3; packages/ui/src/component.ts:2,KEEP-SIBLING,ui,"Real adopter value for the ui cohort, but optional enough to live outside the harness core with compatibility re-exports during extraction.",
ApplyMissionProfileOptions,type-reexport,47,47,1,4,packages/core/src/compat/skills.ts:2; packages/skills/src/index.ts:2,KEEP-SIBLING,skills,"Real adopter value for the skills cohort, but optional enough to live outside the harness core with compatibility re-exports during extraction.",
EdgeMissionProfile,type-reexport,47,47,1,26,packages/core/src/compat/skills.ts:8; packages/knowledge/src/index.ts:2; packages/react/src/index.ts:4; packages/skills/src/index.ts:8; packages/ui/src/component.ts:4,KEEP-SIBLING,skills,"Real adopter value for the skills cohort, but optional enough to live outside the harness core with compatibility re-exports during extraction.",
EdgeProfileValidationIssue,type-reexport,47,47,1,12,packages/core/src/compat/skills.ts:6; packages/skills/src/index.ts:6,KEEP-SIBLING,skills,"Real adopter value for the skills cohort, but optional enough to live outside the harness core with compatibility re-exports during extraction.",
EdgeProfileValidationResult,type-reexport,47,47,1,10,packages/core/src/compat/skills.ts:3; packages/react/src/index.ts:2; packages/skills/src/index.ts:3; packages/ui/src/component.ts:2,KEEP-SIBLING,skills,"Real adopter value for the skills cohort, but optional enough to live outside the harness core with compatibility re-exports during extraction.",
EdgeSkill,type-reexport,47,47,1,16,packages/core/src/compat/knowledge.ts:3; packages/core/src/compat/skills.ts:5; packages/knowledge/src/index.ts:4; packages/skills/src/index.ts:4,KEEP-SIBLING,skills,"Real adopter value for the skills cohort, but optional enough to live outside the harness core with compatibility re-exports during extraction.",
EdgeValidationSeverity,type-reexport,47,47,1,4,packages/core/src/compat/skills.ts:2; packages/skills/src/index.ts:2,KEEP-SIBLING,skills,"Real adopter value for the skills cohort, but optional enough to live outside the harness core with compatibility re-exports during extraction.",
ValidateMissionProfileOptions,type-reexport,47,47,1,4,packages/core/src/compat/skills.ts:2; packages/skills/src/index.ts:2,KEEP-SIBLING,skills,"Real adopter value for the skills cohort, but optional enough to live outside the harness core with compatibility re-exports during extraction.",
applyMissionProfile,re-export,49,49,1,30,packages/cli/src/index.ts:1; packages/core/src/compat/skills.ts:2; packages/core/test/profile.test.ts:3; packages/react/src/index.ts:2; packages/react/test/index.test.ts:2; packages/skills/src/index.ts:1; packages/skills/test/index.test.ts:2; packages/ui/src/component.ts:5; scripts/clean-room-adoption.mjs:1; site/src/answerComposer.ts:2; site/src/docsContent.ts:5; site/src/main.ts:1; site/src/opsDemo.ts:1; site/src/siteAssistant.ts:1; tests/fixtures/fresh-app/src/main.tsx:1,KEEP-SIBLING,skills,"Real adopter value for the skills cohort, but optional enough to live outside the harness core with compatibility re-exports during extraction.",
createMissionProfile,re-export,49,49,1,47,docs/templates/knowledge-skill-starter/mission-profile.ts:2; docs/templates/mission-profile-starter/profile.ts:2; packages/cli/src/index.ts:4; packages/core/src/compat/skills.ts:1; packages/core/test/compat-drift.test.ts:3; packages/core/test/profile.test.ts:11; packages/knowledge/src/index.ts:2; packages/skills/src/index.ts:1; packages/skills/test/index.test.ts:6; scripts/clean-room-adoption.mjs:2; scripts/research-suite.mjs:2; site/src/cascadeDemo.ts:2; site/src/docsContent.ts:3; site/src/profiles/field-ops.ts:2; site/src/profiles/public-catalog-shopping.ts:2; tests/fixtures/fresh-app/src/main.tsx:2,KEEP-SIBLING,skills,"Real adopter value for the skills cohort, but optional enough to live outside the harness core with compatibility re-exports during extraction.",
createSkill,re-export,49,49,1,37,docs/templates/mission-profile-starter/profile.ts:3; packages/cli/src/index.ts:5; packages/core/src/compat/knowledge.ts:2; packages/core/src/compat/skills.ts:1; packages/core/test/compat-drift.test.ts:3; packages/core/test/profile.test.ts:2; packages/knowledge/src/index.ts:2; packages/skills/src/index.ts:1; packages/skills/test/index.test.ts:2; scripts/clean-room-adoption.mjs:3; site/src/docsContent.ts:2; site/src/profiles/field-ops.ts:6; site/src/profiles/public-catalog-shopping.ts:3; tests/fixtures/fresh-app/src/main.tsx:2,KEEP-SIBLING,skills,"Real adopter value for the skills cohort, but optional enough to live outside the harness core with compatibility re-exports during extraction.",
profileToAgentOptions,re-export,49,49,1,16,packages/core/src/compat/skills.ts:3; packages/core/test/compat-drift.test.ts:3; packages/core/test/profile.test.ts:4; packages/skills/src/index.ts:2; packages/skills/test/index.test.ts:3; packages/ui/src/component.ts:1,KEEP-SIBLING,skills,"Real adopter value for the skills cohort, but optional enough to live outside the harness core with compatibility re-exports during extraction.",
skillsToTools,re-export,49,49,1,6,docs/templates/knowledge-skill-starter/mission-profile.ts:2; packages/cli/src/index.ts:2; packages/core/src/compat/skills.ts:1; packages/skills/src/index.ts:1,KEEP-SIBLING,skills,"Real adopter value for the skills cohort, but optional enough to live outside the harness core with compatibility re-exports during extraction.",
validateMissionProfile,re-export,49,49,1,40,packages/cli/src/index.ts:2; packages/core/src/compat/skills.ts:1; packages/core/test/profile.test.ts:6; packages/react/src/index.ts:1; packages/skills/src/index.ts:1; packages/skills/test/index.test.ts:5; packages/ui/src/component.ts:2; packages/ui/src/index.test.ts:1; scripts/clean-room-adoption.mjs:2; scripts/research-suite.mjs:4; site/src/answerComposer.test.ts:1; site/src/answerComposer.ts:3; site/src/cascadeDemo.ts:2; site/src/content.ts:2; site/src/docsContent.ts:4; site/src/siteAssistant.ts:1; tests/fixtures/fresh-app/src/main.tsx:2,KEEP-SIBLING,skills,"Real adopter value for the skills cohort, but optional enough to live outside the harness core with compatibility re-exports during extraction.",
CreateKnowledgeSkillOptions,type-reexport,52,52,1,4,packages/core/src/compat/knowledge.ts:2; packages/knowledge/src/index.ts:2,KEEP-SIBLING,knowledge,"Real adopter value for the knowledge cohort, but optional enough to live outside the harness core with compatibility re-exports during extraction.",
CreateKnowledgeToolOptions,type-reexport,52,52,1,4,packages/core/src/compat/knowledge.ts:2; packages/knowledge/src/index.ts:2,KEEP-SIBLING,knowledge,"Real adopter value for the knowledge cohort, but optional enough to live outside the harness core with compatibility re-exports during extraction.",
CreateMarkdownMemoryStoreOptions,type-reexport,52,52,1,4,packages/core/src/compat/knowledge.ts:2; packages/knowledge/src/index.ts:2,KEEP-SIBLING,knowledge,"Real adopter value for the knowledge cohort, but optional enough to live outside the harness core with compatibility re-exports during extraction.",
EdgeKnowledgeCitation,type-reexport,52,52,1,4,packages/core/src/compat/knowledge.ts:2; packages/knowledge/src/index.ts:2,KEEP-SIBLING,knowledge,"Real adopter value for the knowledge cohort, but optional enough to live outside the harness core with compatibility re-exports during extraction.",
EdgeKnowledgeFreshness,type-reexport,52,52,1,6,packages/core/src/compat/knowledge.ts:3; packages/knowledge/src/index.ts:3,KEEP-SIBLING,knowledge,"Real adopter value for the knowledge cohort, but optional enough to live outside the harness core with compatibility re-exports during extraction.",
EdgeKnowledgeResult,type-reexport,52,52,1,22,docs/templates/knowledge-skill-starter/simple-markdown-source.ts:2; packages/core/src/compat/knowledge.ts:8; packages/knowledge/src/index.ts:10; site/src/siteAssistant.ts:2,KEEP-SIBLING,knowledge,"Real adopter value for the knowledge cohort, but optional enough to live outside the harness core with compatibility re-exports during extraction.",
EdgeKnowledgeSearchContext,type-reexport,52,52,1,14,docs/templates/knowledge-skill-starter/simple-markdown-source.ts:2; packages/core/src/compat/knowledge.ts:6; packages/knowledge/src/index.ts:6,KEEP-SIBLING,knowledge,"Real adopter value for the knowledge cohort, but optional enough to live outside the harness core with compatibility re-exports during extraction.",
EdgeKnowledgeSource,type-reexport,52,52,1,32,docs/templates/knowledge-skill-starter/llamaindex-adapter.example.ts:2; docs/templates/knowledge-skill-starter/neo4j-graphrag-adapter.example.ts:2; docs/templates/knowledge-skill-starter/qdrant-adapter.example.ts:2; docs/templates/knowledge-skill-starter/simple-markdown-source.ts:2; packages/cli/src/index.ts:4; packages/core/src/compat/knowledge.ts:3; packages/core/test/compat-drift.test.ts:2; packages/knowledge/src/index.ts:4; packages/knowledge/test/index.test.ts:3; scripts/research-suite.mjs:2; site/src/answerComposer.test.ts:1; site/src/answerComposer.ts:1; site/src/content.ts:1; site/src/docsContent.ts:2; site/src/siteAssistant.ts:1,KEEP-SIBLING,knowledge,"Real adopter value for the knowledge cohort, but optional enough to live outside the harness core with compatibility re-exports during extraction.",
EdgeMemoryCompactionContext,type-reexport,52,52,1,12,packages/core/src/agent.ts:2; packages/core/src/compat/knowledge.ts:5; packages/knowledge/src/index.ts:5,KEEP-SIBLING,knowledge,"Real adopter value for the knowledge cohort, but optional enough to live outside the harness core with compatibility re-exports during extraction.",
EdgeMemoryCompactionResult,type-reexport,52,52,1,6,packages/core/src/compat/knowledge.ts:3; packages/knowledge/src/index.ts:3,KEEP-SIBLING,knowledge,"Real adopter value for the knowledge cohort, but optional enough to live outside the harness core with compatibility re-exports during extraction.",
EdgeMemoryRecord,type-reexport,52,52,1,48,packages/core/src/agent.ts:3; packages/core/src/compat/agui.ts:3; packages/core/src/compat/cache.ts:2; packages/core/src/compat/knowledge.ts:20; packages/knowledge/src/index.ts:20,KEEP-SIBLING,knowledge,"Real adopter value for the knowledge cohort, but optional enough to live outside the harness core with compatibility re-exports during extraction.",
EdgeMemorySearchContext,type-reexport,52,52,1,12,packages/core/src/agent.ts:2; packages/core/src/compat/knowledge.ts:5; packages/knowledge/src/index.ts:5,KEEP-SIBLING,knowledge,"Real adopter value for the knowledge cohort, but optional enough to live outside the harness core with compatibility re-exports during extraction.",
EdgeMemoryStore,type-reexport,52,52,1,7,packages/core/src/agent.ts:3; packages/core/src/compat/knowledge.ts:2; packages/knowledge/src/index.ts:2,KEEP-SIBLING,knowledge,"Real adopter value for the knowledge cohort, but optional enough to live outside the harness core with compatibility re-exports during extraction.",
EdgeMemorySummarizer,type-reexport,52,52,1,4,packages/core/src/compat/knowledge.ts:2; packages/knowledge/src/index.ts:2,KEEP-SIBLING,knowledge,"Real adopter value for the knowledge cohort, but optional enough to live outside the harness core with compatibility re-exports during extraction.",
MarkdownMemoryCompactionOptions,type-reexport,52,52,1,4,packages/core/src/compat/knowledge.ts:2; packages/knowledge/src/index.ts:2,KEEP-SIBLING,knowledge,"Real adopter value for the knowledge cohort, but optional enough to live outside the harness core with compatibility re-exports during extraction.",
MarkdownMemoryDocument,type-reexport,52,52,1,6,packages/core/src/compat/knowledge.ts:3; packages/knowledge/src/index.ts:3,KEEP-SIBLING,knowledge,"Real adopter value for the knowledge cohort, but optional enough to live outside the harness core with compatibility re-exports during extraction.",
createKnowledgeSkill,re-export,54,54,1,28,docs/templates/knowledge-skill-starter/knowledge-skill.ts:2; packages/cli/src/index.ts:4; packages/cli/test/index.test.ts:1; packages/core/src/compat/knowledge.ts:1; packages/core/test/agent.test.ts:2; packages/core/test/compat-drift.test.ts:3; packages/knowledge/src/index.ts:2; packages/knowledge/test/index.test.ts:2; scripts/research-suite.mjs:1; site/src/answerComposer.test.ts:1; site/src/answerComposer.ts:1; site/src/content.ts:1; site/src/docsContent.ts:4; site/src/siteAssistant.ts:1; tests/fixtures/fresh-app/src/main.tsx:2,KEEP-SIBLING,knowledge,"Real adopter value for the knowledge cohort, but optional enough to live outside the harness core with compatibility re-exports during extraction.",
createKnowledgeTool,re-export,54,54,1,23,packages/core/src/compat/knowledge.ts:2; packages/core/test/agent.test.ts:2; packages/core/test/compat-drift.test.ts:3; packages/knowledge/src/index.ts:2; packages/knowledge/test/index.test.ts:2; scripts/research-suite.mjs:2; site/src/answerComposer.test.ts:1; site/src/answerComposer.ts:1; site/src/content.ts:1; site/src/docsContent.ts:2; site/src/opsDemo.ts:2; site/src/siteAssistant.ts:1; tests/fixtures/fresh-app/src/main.tsx:2,KEEP-SIBLING,knowledge,"Real adopter value for the knowledge cohort, but optional enough to live outside the harness core with compatibility re-exports during extraction.",
createMarkdownMemoryStore,re-export,54,54,1,14,packages/core/src/compat/knowledge.ts:1; packages/core/test/agent.test.ts:5; packages/knowledge/src/index.ts:1; packages/knowledge/test/index.test.ts:2; site/src/content.ts:1; site/src/docsContent.ts:4,KEEP-SIBLING,knowledge,"Real adopter value for the knowledge cohort, but optional enough to live outside the harness core with compatibility re-exports during extraction.",
CreateAuditTrailOptions,type-reexport,57,57,1,4,packages/core/src/compat/governance.ts:2; packages/governance/src/index.ts:2,KEEP-SIBLING,governance,"Real adopter value for the governance cohort, but optional enough to live outside the harness core with compatibility re-exports during extraction.",
CreateOfflineToolOptions,type-reexport,57,57,1,4,packages/core/src/compat/governance.ts:2; packages/governance/src/index.ts:2,KEEP-SIBLING,governance,"Real adopter value for the governance cohort, but optional enough to live outside the harness core with compatibility re-exports during extraction.",
CreatePiiRedactorOptions,type-reexport,57,57,1,4,packages/core/src/compat/governance.ts:2; packages/governance/src/index.ts:2,KEEP-SIBLING,governance,"Real adopter value for the governance cohort, but optional enough to live outside the harness core with compatibility re-exports during extraction.",
EdgeAuditAction,type-reexport,57,57,1,4,packages/core/src/compat/governance.ts:2; packages/governance/src/index.ts:2,KEEP-SIBLING,governance,"Real adopter value for the governance cohort, but optional enough to live outside the harness core with compatibility re-exports during extraction.",
EdgeAuditEntry,type-reexport,57,57,1,12,packages/core/src/compat/governance.ts:6; packages/governance/src/index.ts:6,KEEP-SIBLING,governance,"Real adopter value for the governance cohort, but optional enough to live outside the harness core with compatibility re-exports during extraction.",
EdgeAuditEvent,type-reexport,57,57,1,10,packages/core/src/agent.ts:2; packages/core/src/compat/governance.ts:4; packages/governance/src/index.ts:4,KEEP-SIBLING,governance,"Real adopter value for the governance cohort, but optional enough to live outside the harness core with compatibility re-exports during extraction.",
EdgeAuditTrail,type-reexport,57,57,1,6,packages/core/src/agent.ts:2; packages/core/src/compat/governance.ts:2; packages/governance/src/index.ts:2,KEEP-SIBLING,governance,"Real adopter value for the governance cohort, but optional enough to live outside the harness core with compatibility re-exports during extraction.",
EdgeMutationJournal,type-reexport,57,57,1,10,packages/core/src/compat/governance.ts:5; packages/governance/src/index.ts:5,KEEP-SIBLING,governance,"Real adopter value for the governance cohort, but optional enough to live outside the harness core with compatibility re-exports during extraction.",
EdgeMutationJournalEntry,type-reexport,57,57,1,8,packages/core/src/compat/governance.ts:4; packages/governance/src/index.ts:4,KEEP-SIBLING,governance,"Real adopter value for the governance cohort, but optional enough to live outside the harness core with compatibility re-exports during extraction.",
EdgeMutationStatus,type-reexport,57,57,1,20,packages/core/src/compat/governance.ts:10; packages/governance/src/index.ts:10,KEEP-SIBLING,governance,"Real adopter value for the governance cohort, but optional enough to live outside the harness core with compatibility re-exports during extraction.",
EdgeQueuedMutation,type-reexport,57,57,1,36,packages/core/src/compat/governance.ts:18; packages/governance/src/index.ts:18,KEEP-SIBLING,governance,"Real adopter value for the governance cohort, but optional enough to live outside the harness core with compatibility re-exports during extraction.",
EdgeRedactor,type-reexport,57,57,1,19,packages/core/src/agent.ts:11; packages/core/src/compat/governance.ts:4; packages/governance/src/index.ts:4,KEEP-SIBLING,governance,"Real adopter value for the governance cohort, but optional enough to live outside the harness core with compatibility re-exports during extraction.",
EdgeRedactorContext,type-reexport,57,57,1,8,packages/core/src/agent.ts:2; packages/core/src/compat/governance.ts:3; packages/governance/src/index.ts:3,KEEP-SIBLING,governance,"Real adopter value for the governance cohort, but optional enough to live outside the harness core with compatibility re-exports during extraction.",
ExecuteToolWithPolicyOptions,type-reexport,57,57,1,6,packages/core/src/compat/governance.ts:3; packages/governance/src/index.ts:3,KEEP-SIBLING,governance,"Real adopter value for the governance cohort, but optional enough to live outside the harness core with compatibility re-exports during extraction.",
LocalStorageMutationJournalOptions,type-reexport,57,57,1,4,packages/core/src/compat/governance.ts:2; packages/governance/src/index.ts:2,KEEP-SIBLING,governance,"Real adopter value for the governance cohort, but optional enough to live outside the harness core with compatibility re-exports during extraction.",
MemoryMutationJournalOptions,type-reexport,57,57,1,6,packages/core/src/compat/governance.ts:3; packages/governance/src/index.ts:3,KEEP-SIBLING,governance,"Real adopter value for the governance cohort, but optional enough to live outside the harness core with compatibility re-exports during extraction.",
PiiRedactorPattern,type-reexport,57,57,1,8,packages/core/src/compat/governance.ts:4; packages/governance/src/index.ts:4,KEEP-SIBLING,governance,"Real adopter value for the governance cohort, but optional enough to live outside the harness core with compatibility re-exports during extraction.",
SyncMutationJournalOptions,type-reexport,57,57,1,4,packages/core/src/compat/governance.ts:2; packages/governance/src/index.ts:2,KEEP-SIBLING,governance,"Real adopter value for the governance cohort, but optional enough to live outside the harness core with compatibility re-exports during extraction.",
ToolPolicy,type-reexport,57,57,1,12,packages/core/src/compat/governance.ts:6; packages/governance/src/index.ts:6,KEEP-SIBLING,governance,"Real adopter value for the governance cohort, but optional enough to live outside the harness core with compatibility re-exports during extraction.",
ToolPolicyExecutorOptions,type-reexport,57,57,1,6,packages/core/src/compat/governance.ts:3; packages/governance/src/index.ts:3,KEEP-SIBLING,governance,"Real adopter value for the governance cohort, but optional enough to live outside the harness core with compatibility re-exports during extraction.",
applyRedactors,re-export,59,59,1,10,packages/core/src/agent.ts:6; packages/core/src/compat/governance.ts:1; packages/governance/src/index.ts:1; packages/ui/src/component.ts:2,KEEP-SIBLING,governance,"Real adopter value for the governance cohort, but optional enough to live outside the harness core with compatibility re-exports during extraction.",
createAuditTrail,re-export,59,59,1,14,packages/core/src/compat/governance.ts:1; packages/core/test/agent.test.ts:3; packages/core/test/compat-drift.test.ts:3; packages/governance/src/index.ts:1; packages/governance/test/index.test.ts:2; site/src/content.ts:1; site/src/docsContent.ts:3,KEEP-SIBLING,governance,"Real adopter value for the governance cohort, but optional enough to live outside the harness core with compatibility re-exports during extraction.",
createLocalStorageMutationJournal,re-export,59,59,1,4,packages/core/src/compat/governance.ts:1; packages/governance/src/index.ts:1; site/src/docsContent.ts:2,KEEP-SIBLING,governance,"Real adopter value for the governance cohort, but optional enough to live outside the harness core with compatibility re-exports during extraction.",
createMemoryMutationJournal,re-export,59,59,1,14,packages/core/src/compat/governance.ts:1; packages/core/test/agent.test.ts:3; packages/core/test/compat-drift.test.ts:3; packages/governance/src/index.ts:1; packages/governance/test/index.test.ts:2; scripts/research-suite.mjs:1; site/src/docsContent.ts:1; tests/fixtures/fresh-app/src/main.tsx:2,KEEP-SIBLING,governance,"Real adopter value for the governance cohort, but optional enough to live outside the harness core with compatibility re-exports during extraction.",
createOfflineTool,re-export,59,59,1,10,packages/core/src/compat/governance.ts:1; packages/core/test/agent.test.ts:2; packages/governance/src/index.ts:1; packages/governance/test/index.test.ts:2; scripts/research-suite.mjs:1; site/src/content.ts:1; site/src/docsContent.ts:2,KEEP-SIBLING,governance,"Real adopter value for the governance cohort, but optional enough to live outside the harness core with compatibility re-exports during extraction.",
createPiiRedactor,re-export,59,59,1,16,packages/core/src/compat/governance.ts:1; packages/core/test/agent.test.ts:2; packages/core/test/compat-drift.test.ts:3; packages/governance/src/index.ts:1; packages/governance/test/index.test.ts:2; scripts/research-suite.mjs:1; site/src/content.ts:1; site/src/docsContent.ts:3; tests/fixtures/fresh-app/src/main.tsx:2,KEEP-SIBLING,governance,"Real adopter value for the governance cohort, but optional enough to live outside the harness core with compatibility re-exports during extraction.",
createToolPolicyExecutor,re-export,59,59,1,9,packages/core/src/compat/governance.ts:1; packages/core/test/agent.test.ts:2; packages/governance/src/index.ts:1; scripts/research-suite.mjs:1; site/src/content.ts:1; site/src/docsContent.ts:3,KEEP-SIBLING,governance,"Real adopter value for the governance cohort, but optional enough to live outside the harness core with compatibility re-exports during extraction.",
EdgeToolPolicyError,re-export,59,59,1,20,packages/core/src/compat/governance.ts:8; packages/core/test/agent.test.ts:2; packages/governance/src/index.ts:8; packages/governance/test/index.test.ts:2,KEEP-SIBLING,governance,"Real adopter value for the governance cohort, but optional enough to live outside the harness core with compatibility re-exports during extraction.",
executeToolWithPolicy,re-export,59,59,1,7,packages/core/src/compat/governance.ts:2; packages/governance/src/index.ts:2; packages/governance/test/index.test.ts:2; site/src/content.ts:1,KEEP-SIBLING,governance,"Real adopter value for the governance cohort, but optional enough to live outside the harness core with compatibility re-exports during extraction.",
syncMutationJournal,re-export,59,59,1,9,packages/core/src/compat/governance.ts:1; packages/core/test/agent.test.ts:3; packages/governance/src/index.ts:1; scripts/research-suite.mjs:1; site/src/content.ts:1; site/src/docsContent.ts:2,KEEP-SIBLING,governance,"Real adopter value for the governance cohort, but optional enough to live outside the harness core with compatibility re-exports during extraction.",
McpToolClient,type-reexport,62,62,1,6,packages/core/src/compat/mcp.ts:3; packages/mcp/src/index.ts:3,KEEP-SIBLING,mcp,"Real adopter value for the mcp cohort, but optional enough to live outside the harness core with compatibility re-exports during extraction.",
McpToolDefinition,type-reexport,62,62,1,8,packages/core/src/compat/mcp.ts:4; packages/mcp/src/index.ts:4,KEEP-SIBLING,mcp,"Real adopter value for the mcp cohort, but optional enough to live outside the harness core with compatibility re-exports during extraction.",
loadMcpTools,re-export,64,64,1,18,packages/core/src/compat/mcp.ts:2; packages/core/test/agent.test.ts:2; packages/core/test/compat-drift.test.ts:3; packages/mcp/src/index.ts:2; packages/mcp/test/index.test.ts:2; scripts/research-suite.mjs:1; site/src/content.ts:1; site/src/docsContent.ts:5,KEEP-SIBLING,mcp,"Real adopter value for the mcp cohort, but optional enough to live outside the harness core with compatibility re-exports during extraction.",
mcpToolsFromDefinitions,re-export,64,64,1,17,packages/core/src/compat/mcp.ts:2; packages/core/test/agent.test.ts:2; packages/core/test/compat-drift.test.ts:3; packages/mcp/src/index.ts:2; packages/mcp/test/index.test.ts:2; site/src/content.ts:1; site/src/docsContent.ts:3; tests/fixtures/fresh-app/src/main.tsx:2,KEEP-SIBLING,mcp,"Real adopter value for the mcp cohort, but optional enough to live outside the harness core with compatibility re-exports during extraction.",
AgUiEvent,type-reexport,67,67,1,13,packages/agui/src/index.ts:9; packages/core/src/compat/agui.ts:4,KEEP-SIBLING,agui,"Real adopter value for the agui cohort, but optional enough to live outside the harness core with compatibility re-exports during extraction.",
AgUiRunInput,type-reexport,67,67,1,10,packages/agui/src/index.ts:5; packages/core/src/compat/agui.ts:3; site/src/main.ts:2,KEEP-SIBLING,agui,"Real adopter value for the agui cohort, but optional enough to live outside the harness core with compatibility re-exports during extraction.",
CreateAgUiAgentOptions,type-reexport,67,67,1,6,packages/agui/src/index.ts:4; packages/core/src/compat/agui.ts:2,KEEP-SIBLING,agui,"Real adopter value for the agui cohort, but optional enough to live outside the harness core with compatibility re-exports during extraction.",
CreateHandoffEnvelopeOptions,type-reexport,67,67,1,4,packages/agui/src/index.ts:2; packages/core/src/compat/agui.ts:2,KEEP-SIBLING,agui,"Real adopter value for the agui cohort, but optional enough to live outside the harness core with compatibility re-exports during extraction.",
EdgeHandoffEnvelope,type-reexport,67,67,1,9,packages/agui/src/index.ts:3; packages/core/src/compat/agui.ts:3; packages/core/src/compat/routing.ts:3,KEEP-SIBLING,agui,"Real adopter value for the agui cohort, but optional enough to live outside the harness core with compatibility re-exports during extraction.",
agUiEventToAgentEvents,re-export,69,69,1,15,packages/agui/src/index.ts:2; packages/agui/test/index.test.ts:2; packages/core/src/compat/agui.ts:2; packages/core/test/agent.test.ts:4; packages/core/test/compat-drift.test.ts:3; tests/fixtures/fresh-app/src/main.tsx:2,KEEP-SIBLING,agui,"Real adopter value for the agui cohort, but optional enough to live outside the harness core with compatibility re-exports during extraction.",
createHandoffEnvelope,re-export,69,69,1,16,packages/agui/src/index.ts:1; packages/agui/test/index.test.ts:2; packages/core/src/agent.ts:2; packages/core/src/compat/agui.ts:1; packages/core/test/agent.test.ts:4; scripts/research-suite.mjs:1; site/src/content.ts:1; site/src/docsContent.ts:4,KEEP-SIBLING,agui,"Real adopter value for the agui cohort, but optional enough to live outside the harness core with compatibility re-exports during extraction.",
createAgUiAgent,re-export,71,71,1,31,packages/agui/src/index.ts:3; packages/agui/test/index.test.ts:2; packages/core/src/compat/agui.ts:2; packages/core/test/agent.test.ts:3; scripts/research-agent-loops.mjs:2; scripts/research-suite.mjs:2; site/src/docsContent.ts:11; site/src/main.ts:5; tests/e2e/agent-loops.spec.ts:1,KEEP-SIBLING,agui,"Real adopter value for the agui cohort, but optional enough to live outside the harness core with compatibility re-exports during extraction.",
CascadeActionType,type-reexport,74,74,1,3,packages/core/src/cascade/readiness.ts:3,DEFER,,Does not clearly land as v3.5 core adopter friction; defer until measured adopter demand or collapse into an existing core/sibling contract.,
CascadeCapability,type-reexport,74,74,1,7,packages/core/src/cascade/readiness.ts:7,DEFER,,Does not clearly land as v3.5 core adopter friction; defer until measured adopter demand or collapse into an existing core/sibling contract.,
CascadeMode,type-reexport,74,74,1,5,packages/core/src/cascade/readiness.ts:5,DEFER,,Does not clearly land as v3.5 core adopter friction; defer until measured adopter demand or collapse into an existing core/sibling contract.,
CascadeProviderSnapshot,type-reexport,74,74,1,12,packages/core/src/cascade/readiness.ts:12,DEFER,,Does not clearly land as v3.5 core adopter friction; defer until measured adopter demand or collapse into an existing core/sibling contract.,
CascadeProviderStatus,type-reexport,74,74,1,2,packages/core/src/cascade/readiness.ts:2,DEFER,,Does not clearly land as v3.5 core adopter friction; defer until measured adopter demand or collapse into an existing core/sibling contract.,
CascadeReadinessCheckOptions,type-reexport,74,74,1,3,packages/core/src/cascade/readiness.ts:3,DEFER,,Does not clearly land as v3.5 core adopter friction; defer until measured adopter demand or collapse into an existing core/sibling contract.,
CascadeReadinessMessages,type-reexport,74,74,1,3,packages/core/src/cascade/readiness.ts:3,DEFER,,Does not clearly land as v3.5 core adopter friction; defer until measured adopter demand or collapse into an existing core/sibling contract.,
CascadeVisibilityPolicy,type-reexport,74,74,1,2,packages/core/src/cascade/readiness.ts:2,DEFER,,Does not clearly land as v3.5 core adopter friction; defer until measured adopter demand or collapse into an existing core/sibling contract.,
ContextualToolExecute,type-reexport,76,76,1,19,packages/core/src/agent.ts:1; packages/core/src/compat/governance.ts:4; packages/core/src/compat/knowledge.ts:2; packages/core/src/compat/mcp.ts:2; packages/core/src/compat/parallel.ts:2; packages/core/src/context.ts:2; packages/governance/src/index.ts:4; packages/knowledge/src/index.ts:2,DEFER,,Does not clearly land as v3.5 core adopter friction; defer until measured adopter demand or collapse into an existing core/sibling contract.,
EdgeAuthContext,type-reexport,76,76,1,3,packages/core/src/context.ts:3,DEFER,,Does not clearly land as v3.5 core adopter friction; defer until measured adopter demand or collapse into an existing core/sibling contract.,
EdgeIdentity,type-reexport,76,76,1,7,packages/core/src/context.ts:7,DEFER,,Does not clearly land as v3.5 core adopter friction; defer until measured adopter demand or collapse into an existing core/sibling contract.,
EdgePublicIdentity,type-reexport,76,76,1,4,packages/core/src/compat/agui.ts:2; packages/core/src/context.ts:2,DEFER,,Does not clearly land as v3.5 core adopter friction; defer until measured adopter demand or collapse into an existing core/sibling contract.,
EdgeStateSnapshot,type-reexport,76,76,1,11,packages/core/src/compat/agui.ts:2; packages/core/src/compat/cache.ts:2; packages/core/src/compat/knowledge.ts:2; packages/core/src/context.ts:5,DEFER,,Does not clearly land as v3.5 core adopter friction; defer until measured adopter demand or collapse into an existing core/sibling contract.,
EdgeTelemetryEventName,type-reexport,78,78,1,11,packages/agui/src/index.ts:3; packages/core/src/compat/agui.ts:2; packages/core/src/lite.ts:1; packages/core/src/telemetry.ts:3; packages/ui/src/component.ts:2,DEFER,,Does not clearly land as v3.5 core adopter friction; defer until measured adopter demand or collapse into an existing core/sibling contract.,
MissionControlSnapshot,type-reexport,78,78,1,6,packages/core/src/telemetry.ts:4; site/src/main.ts:2,DEFER,,Does not clearly land as v3.5 core adopter friction; defer until measured adopter demand or collapse into an existing core/sibling contract.,
createMissionControl,re-export,80,80,1,9,packages/core/src/telemetry.ts:1; packages/core/test/agent.test.ts:3; site/src/content.ts:1; site/src/docsContent.ts:2; site/src/main.ts:2,DEFER,,Does not clearly land as v3.5 core adopter friction; defer until measured adopter demand or collapse into an existing core/sibling contract.,
CreateSupervisorRouterOptions,type-reexport,82,82,1,2,packages/core/src/compat/routing.ts:2,DEFER,,Does not clearly land as v3.5 core adopter friction; defer until measured adopter demand or collapse into an existing core/sibling contract.,
EdgeModelRouter,type-reexport,82,82,1,5,packages/core/src/agent.ts:2; packages/core/src/compat/routing.ts:3,DEFER,,Does not clearly land as v3.5 core adopter friction; defer until measured adopter demand or collapse into an existing core/sibling contract.,
HybridModelRoute,type-reexport,82,82,1,2,packages/core/src/compat/routing.ts:2,DEFER,,Does not clearly land as v3.5 core adopter friction; defer until measured adopter demand or collapse into an existing core/sibling contract.,
ModelRouterContext,type-reexport,82,82,1,4,packages/core/src/compat/routing.ts:4,DEFER,,Does not clearly land as v3.5 core adopter friction; defer until measured adopter demand or collapse into an existing core/sibling contract.,
SupervisorWorkerRoute,type-reexport,82,82,1,2,packages/core/src/compat/routing.ts:2,DEFER,,Does not clearly land as v3.5 core adopter friction; defer until measured adopter demand or collapse into an existing core/sibling contract.,
createHybridModelRouter,re-export,84,84,1,6,packages/core/src/compat/routing.ts:1; packages/core/test/agent.test.ts:2; scripts/research-suite.mjs:1; site/src/content.ts:1; site/src/docsContent.ts:1,DEFER,,Does not clearly land as v3.5 core adopter friction; defer until measured adopter demand or collapse into an existing core/sibling contract.,
createSupervisorRouter,re-export,84,84,1,7,packages/core/src/compat/routing.ts:1; packages/core/test/agent.test.ts:3; scripts/research-suite.mjs:1; site/src/content.ts:1; site/src/docsContent.ts:1,DEFER,,Does not clearly land as v3.5 core adopter friction; defer until measured adopter demand or collapse into an existing core/sibling contract.,
EdgeCachedResponse,type-reexport,86,86,1,8,packages/core/src/compat/cache.ts:8,DEFER,,Does not clearly land as v3.5 core adopter friction; defer until measured adopter demand or collapse into an existing core/sibling contract.,
EdgeResponseCache,type-reexport,86,86,1,5,packages/core/src/agent.ts:2; packages/core/src/compat/cache.ts:3,DEFER,,Does not clearly land as v3.5 core adopter friction; defer until measured adopter demand or collapse into an existing core/sibling contract.,
EdgeResponseCacheContext,type-reexport,86,86,1,8,packages/core/src/agent.ts:2; packages/core/src/compat/cache.ts:6,DEFER,,Does not clearly land as v3.5 core adopter friction; defer until measured adopter demand or collapse into an existing core/sibling contract.,
EdgeResponseCachePolicy,type-reexport,86,86,1,4,packages/core/src/agent.ts:2; packages/core/src/compat/cache.ts:2,DEFER,,Does not clearly land as v3.5 core adopter friction; defer until measured adopter demand or collapse into an existing core/sibling contract.,
IndexedDbResponseCacheOptions,type-reexport,86,86,1,2,packages/core/src/compat/cache.ts:2,DEFER,,Does not clearly land as v3.5 core adopter friction; defer until measured adopter demand or collapse into an existing core/sibling contract.,
createIndexedDbResponseCache,re-export,88,88,1,3,packages/core/src/compat/cache.ts:1; site/src/docsContent.ts:2,DEFER,,Does not clearly land as v3.5 core adopter friction; defer until measured adopter demand or collapse into an existing core/sibling contract.,
createMemoryResponseCache,re-export,88,88,1,8,packages/core/src/compat/cache.ts:1; packages/core/test/agent.test.ts:5; scripts/research-suite.mjs:1; site/src/docsContent.ts:1,DEFER,,Does not clearly land as v3.5 core adopter friction; defer until measured adopter demand or collapse into an existing core/sibling contract.,
ExecuteParallelToolsOptions,type-reexport,90,90,1,2,packages/core/src/compat/parallel.ts:2,DEFER,,Does not clearly land as v3.5 core adopter friction; defer until measured adopter demand or collapse into an existing core/sibling contract.,
ParallelToolCall,type-reexport,90,90,1,4,packages/core/src/compat/parallel.ts:4,DEFER,,Does not clearly land as v3.5 core adopter friction; defer until measured adopter demand or collapse into an existing core/sibling contract.,
ParallelToolResult,type-reexport,90,90,1,4,packages/core/src/compat/parallel.ts:4,DEFER,,Does not clearly land as v3.5 core adopter friction; defer until measured adopter demand or collapse into an existing core/sibling contract.,
executeParallelTools,re-export,92,92,1,7,packages/core/src/compat/parallel.ts:1; packages/core/test/agent.test.ts:2; scripts/research-suite.mjs:1; site/src/content.ts:1; site/src/docsContent.ts:2,DEFER,,Does not clearly land as v3.5 core adopter friction; defer until measured adopter demand or collapse into an existing core/sibling contract.,
EdgeSkillOptimizationCandidate,type-reexport,94,94,1,2,packages/core/src/compat/skill-optimization.ts:2,DEFER,,Does not clearly land as v3.5 core adopter friction; defer until measured adopter demand or collapse into an existing core/sibling contract.,
EdgeSkillOptimizationIssue,type-reexport,94,94,1,3,packages/core/src/compat/skill-optimization.ts:3,DEFER,,Does not clearly land as v3.5 core adopter friction; defer until measured adopter demand or collapse into an existing core/sibling contract.,
EdgeSkillOptimizationValidation,type-reexport,94,94,1,2,packages/core/src/compat/skill-optimization.ts:2,DEFER,,Does not clearly land as v3.5 core adopter friction; defer until measured adopter demand or collapse into an existing core/sibling contract.,
EdgeSkillPatchOperation,type-reexport,94,94,1,2,packages/core/src/compat/skill-optimization.ts:2,DEFER,,Does not clearly land as v3.5 core adopter friction; defer until measured adopter demand or collapse into an existing core/sibling contract.,
EdgeSkillScore,type-reexport,94,94,1,2,packages/core/src/compat/skill-optimization.ts:2,DEFER,,Does not clearly land as v3.5 core adopter friction; defer until measured adopter demand or collapse into an existing core/sibling contract.,
ValidateSkillOptimizationOptions,type-reexport,94,94,1,2,packages/core/src/compat/skill-optimization.ts:2,DEFER,,Does not clearly land as v3.5 core adopter friction; defer until measured adopter demand or collapse into an existing core/sibling contract.,
summarizeSkillOptimizationScores,re-export,96,96,1,5,packages/core/src/compat/skill-optimization.ts:1; packages/core/test/profile.test.ts:2; scripts/skill-optimization-report.mjs:1; site/src/docsContent.ts:1,DEFER,,Does not clearly land as v3.5 core adopter friction; defer until measured adopter demand or collapse into an existing core/sibling contract.,
validateSkillOptimizationCandidate,re-export,96,96,1,8,packages/core/src/compat/skill-optimization.ts:1; packages/core/test/profile.test.ts:4; scripts/skill-optimization-report.mjs:1; site/src/docsContent.ts:2,DEFER,,Does not clearly land as v3.5 core adopter friction; defer until measured adopter demand or collapse into an existing core/sibling contract.,
filterToolManifestsForSession,re-export,98,98,1,9,packages/core/src/agent.ts:3; packages/core/src/context.ts:1; packages/core/src/lite.ts:1; packages/core/test/agent.test.ts:2; packages/ui/src/component.ts:2,DEFER,,Does not clearly land as v3.5 core adopter friction; defer until measured adopter demand or collapse into an existing core/sibling contract.,
withToolContext,re-export,98,98,1,6,packages/core/src/agent.ts:2; packages/core/src/context.ts:1; packages/core/test/agent.test.ts:2; site/src/answerComposer.ts:1,DEFER,,Does not clearly land as v3.5 core adopter friction; defer until measured adopter demand or collapse into an existing core/sibling contract.,
estimateTokens,re-export,100,100,1,12,packages/agui/src/index.ts:2; packages/core/src/compat/agui.ts:2; packages/core/src/compat/knowledge.ts:2; packages/core/src/shared.ts:1; packages/core/test/agent.test.ts:3; packages/knowledge/src/index.ts:2,DEFER,,Does not clearly land as v3.5 core adopter friction; defer until measured adopter demand or collapse into an existing core/sibling contract.,
